"","gene_names_ApoE_DKO","ApoE.2","ApoE.3","ApoE.4","ApoE.5","ApoE.6","DKO.1","DKO.3","DKO.5","DKO.6","DKO.7","baseMean","log2FoldChange","lfcSE","stat","pvalue","padj"
"14278","Tnfsf12",313.913195802446,437.294484410125,379.979830302485,377.707201776016,395.64339626307,3.02142444628935,4.03746003387585,22.6489586795111,2.92312730161479,12.4317410354009,194.960082005083,5.44863949572481,0.46257696353165,11.7788820570007,5.01538383173659e-32,4.01907783356211e-28
"9433","Nlrp1b",188.347917481468,168.712284450913,253.96120303761,128.820668155396,262.207062146044,44.3142252122438,46.4307903895723,69.0253978804148,56.2702005560846,29.0073957492687,124.709714505902,2.02464599166848,0.282276222492266,7.17257009390492,7.36027080897772e-13,3.9321020085162e-09
"319","2610507I01Rik",1268.73249970155,1468.96040771916,1373.69923461253,1685.92486090752,1184.1308251364,674.784793004622,683.340110733488,762.514942210207,681.088661276245,964.150582523313,1074.7326917825,0.891785615668455,0.151662316930283,5.88007379630365,4.10083611137113e-09,1.64310250892363e-05
"7305","Irg1",8.71981099451238,5.81766498106596,2.88592276179103,1.25068609859608,7.46496974081264,5.03570741048225,154.432846295751,70.1039197222962,39.4622185717996,998.683196510537,129.385694308764,-5.58663356626853,1.0048254156874,-5.5598051950614,2.70075931684445e-08,8.65701391421321e-05
"3781","Cyp1a1",291.241687216714,90.1738072065224,100.045322408756,200.109775775373,202.487304219543,3373.92396502311,1464.58862728846,1717.00677227532,273.312402700982,698.940107101427,841.182977121621,-3.08987089142633,0.562348254557568,-5.49458607968351,3.91627868823269e-08,0.000104610330893842
"3348","Cnnm2",1428.30504090113,1365.21204889015,1243.83271033193,1619.63849768192,1677.75194924764,2085.79000942175,2471.93490574049,2782.58635205422,2175.5374942268,2247.38251828858,1909.79715267846,-0.681627789340256,0.129128243190491,-5.27868863153906,1.30111680242031e-07,0.000297899985605575
"3700","Ctso",1984.62898235102,2158.35370797547,2358.7608706372,2248.73360527575,2720.0483493086,1471.43370534291,1509.0006876611,1672.78737675818,1666.18256192043,1428.26891451161,1921.81987617423,0.56553968536924,0.111312927497128,5.08062898070696,3.76187211483188e-07,0.000753644054805131
"14285","Tnip1",1287.04410279003,1181.95560198657,1170.72266703323,1084.3448474828,1359.5576140455,1714.15480252816,1610.94655351646,1998.50097300638,1640.6051980313,1664.47199418423,1471.23043546047,-0.503318162495135,0.103101895386961,-4.88175470107595,1.05146001223689e-06,0.0018724166240134
"12872","Slurp1",28.7753762818909,46.5413198485277,251.075280275819,41.2726412536707,99.843970283369,8.0571318567716,4.03746003387585,23.7274805213926,2.92312730161479,4.14391367846696,51.0397701335399,3.45341173903654,0.728119873835677,4.74291646627395,2.10663152468823e-06,0.00337629834461782
"4780","Eps8l1",57.5507525637817,79.5080880745681,135.638369804178,93.801457394706,26.1273940928442,182.292608259458,243.25696704102,300.907593884933,405.583913099051,256.922648064951,178.158979227949,-1.82561777599241,0.389189329418356,-4.69082176204778,2.72109940710061e-06,0.00396464183614559
"1466","Ankrd9",754.263651025321,615.702877162814,526.199916899897,564.059430466832,704.506519289193,1379.78383047214,1688.66765916857,1337.36708393304,1437.44785056907,693.414888863471,970.141370785035,-1.04679242325745,0.234051002151511,-4.47249707813607,7.73114569925721e-06,0.00885050515157109
"6031","Gm1821",927.787889816118,680.666802784717,685.887643052334,722.896564988535,1027.36646057934,1491.57653498484,1630.12448867737,1095.77819135158,1568.98857914174,1252.84323545651,1108.39163908331,-0.7994220968311,0.178159678343953,-4.48711012649982,7.21957614488416e-06,0.00885050515157109
"5868","Gm11166",92.4299965418313,34.9059898863958,36.555021649353,32.5178385634981,28.926757745649,9.06427333886806,13.1217451100965,14.0207839444592,8.03860007944066,15.1943501543789,28.477535701397,1.94743852458307,0.437262943124252,4.45370126878026,8.44025132962239e-06,0.00901812720399054
"3167","Chst1",1014.98599976124,655.456921200098,607.005754230046,772.924008932378,1152.40470373795,1770.55472552556,2001.57081179395,1411.78509102286,1414.79361398156,1468.32674673679,1226.98083769224,-0.940384947037153,0.214543009746743,-4.38320012452156,1.16948589869732e-05,0.0104129724991233
"7184","Il6",188.347917481468,95.9914721875884,165.459571676019,50.0274439438432,109.175182459385,46.3285081764367,43.4026953641654,42.0623518333777,16.807981984285,19.3382638328458,77.6941388939413,1.86141064093951,0.423532660631726,4.39496363317788,1.10791300105714e-05,0.0104129724991233
"15583","Zfp39",483.077529095986,670.970694482941,556.983093025668,624.092363199444,563.605215431354,399.835168392291,308.865692591502,262.0808075772,369.77560365427,417.153976965674,465.644014441633,0.721976880205449,0.164711689574873,4.3832765122433,1.16907573062344e-05,0.0104129724991233
"4073","Derl3",87.1981099451238,45.57170901835,77.9199145683577,67.5370493241884,92.3790005425564,148.049797868178,121.123801016275,180.113147594207,119.848219366206,167.137851698167,110.687860094161,-0.983605374122775,0.231055865480729,-4.25700240102675,2.07186131383698e-05,0.0174766954088765
"3557","Crabp2",53.1908470665255,92.1130288668777,252.03725452975,43.7740134508628,145.566909945846,13.0928392672539,22.2060301863172,46.3764392009037,26.3081457145331,15.1943501543789,70.9859858383249,2.24976739006918,0.530915034104886,4.23752812700482,2.25994115292865e-05,0.0181100384289938
"12471","Shisa6",39.2391494753057,32.9667682260404,23.0873820943282,37.5205829578824,50.3885457504853,76.5427526393302,122.133166024744,131.579664709541,87.6938190484436,49.7269641416035,65.0878795067704,-1.35462571410868,0.321374797183266,-4.21509628627225,2.49671645056645e-05,0.019054702168204
"6713","Hgf",711.53657715221,1174.19871534515,2294.30859562387,692.880098622229,1485.52897842171,459.256515835982,543.038374556302,589.95144750917,318.620875876012,440.636154476987,870.995633341962,1.43561228890401,0.343479367047781,4.17961725399448,2.9200013338574e-05,0.0212722097171512
"14902","Upk1b",11.3357542928661,3.87844332071064,1.92394850786068,1.25068609859608,1.86624243520316,108.771280066417,52.486980440386,17.2563494701037,44.5776913496255,4.14391367846696,24.7491289660236,-3.46603077096569,0.834312903559318,-4.15435354790634,3.2620846751427e-05,0.0227310569950053
"10728","Ppargc1a",1738.73031230577,871.680136329716,1055.28575656159,1684.67417480892,1524.72006956098,3778.79484082588,6860.65396256354,14024.0195099849,4158.14858654703,1156.15191629228,3685.28592657806,-2.1244851172302,0.51281058265866,-4.14282619952153,3.43051922161924e-05,0.0229087214853715
"2448","Cacna1s",14.8236786906711,3.87844332071064,12.5056653010945,7.50411659157648,7.46496974081264,68.4856207825586,23.2153951947861,37.7482644658518,40.923782222607,17.9569592733568,23.4506895584026,-2.02456066546362,0.489880998638411,-4.13276014193395,3.58432723235389e-05,0.0229784050211743
"3739","Cxcl14",744.671858931358,508.076075013094,436.736311284375,246.385161423428,908.860065943938,275.956766094428,246.285062066427,227.568108636992,157.118092461795,204.43307480437,395.60905766602,1.35730395628464,0.331291318809218,4.09701033266821,4.18520228553223e-05,0.0248430507519352
"4140","Dio2",3242.0257277597,3044.57800675785,3019.63718308734,3424.37853795607,3630.77465768775,5535.24958560209,11283.6914296745,17956.3101454848,10623.3753958935,3215.67701449036,6497.5697684394,-1.57112739666131,0.382739230915279,-4.10495520123224,4.04393239992624e-05,0.0248430507519352
"8498","Mfap3",1744.83418000193,2358.09353899207,2307.77623517889,2290.00624652942,2164.84122483566,1630.56205951415,1540.29100292364,1492.67422916397,1684.45210755552,1678.28503977912,1889.18158644744,0.436604716491135,0.107393836051851,4.06545415027673,4.79390185183159e-05,0.0274399517783232
"8918","Msln",23.5434896851834,10.6657191319543,0.961974253930342,1.25068609859608,1.86624243520316,157.114071207046,139.292371168717,70.1039197222962,86.9630372230399,6.90652279744493,49.8668033723411,-3.57414049310307,0.882148238424456,-4.05163252322149,5.08615044802866e-05,0.0281088735277777
"3054","Cep85",626.082429405989,767.931777500707,798.438630762184,765.419892340801,739.032004340451,1105.8413473419,946.784377943887,1080.67888556524,879.130535960647,1186.54061660104,889.588049776285,-0.490892444301339,0.12182830426546,-4.02937927488262,5.59243270778127e-05,0.0287993929511026
"7528","Kctd11",404.599230145375,595.341049729083,506.96043182129,561.55805826964,596.264458047409,254.806794970402,244.266332049489,335.42029282514,370.506385479674,384.002667537938,425.372570087544,0.746106912534681,0.185458557015894,4.02303848654846,5.74521037683405e-05,0.0287993929511026
"9868","Oxtr",61.0386769615867,58.1766498106596,46.1747641886564,48.7767578452471,47.5891820976806,83.5927430140054,114.058245956993,186.584278645496,89.155382699251,88.4034918072951,82.3550173026871,-1.09914936465975,0.273227545122084,-4.02283512143195,5.75017516962179e-05,0.0287993929511026
"7307","Irgm2",1737.85833120632,1357.45516224872,1212.08755995223,1569.61105373808,1367.02258378631,1126.99131846593,1038.63659371456,1007.3394003173,966.093573183687,838.451867609815,1222.1547444223,0.540657872116252,0.134667780385855,4.01475297630317,5.95080867103238e-05,0.0289010941123139
"14903","Upk3b",49.7029226687206,9.6961083017766,3.84789701572137,3.75205829578824,6.53184852321106,334.370972056022,254.359982134179,98.1454876112147,246.273475161046,2.76260911897797,100.944336088666,-3.66299204158757,0.91905109418146,-3.98562393840569,6.7303035310493e-05,0.0317254631447433
"13332","Sspo",162.18848449793,100.839526338477,108.703090694129,157.586448423106,142.767546293042,212.506852722351,312.903152625378,418.466474650014,258.696766192909,182.332201852546,205.699054428988,-1.04464672358948,0.262719216190034,-3.97628593271172,6.99999528777102e-05,0.0320539784220303
"343","2810021J22Rik",448.198285117937,417.902267806572,359.778370969948,413.977098635303,412.439578179898,593.206332954809,551.113294624053,516.611962261229,491.085386671284,556.665737474062,476.097831469509,-0.398497703901492,0.10082583340197,-3.95233731729021,7.73915419342261e-05,0.0344542845161067
"5020","Fam167a",63.6546202599404,86.2953638858118,314.565581035222,68.7877354227844,134.369455334627,31.22138594499,32.2996802710068,43.1408736752592,40.1930003972033,52.4895732605815,86.7017269487427,1.74802147166998,0.456766370800376,3.82694870598067,0.000129741537390529,0.049937947248273
"6396","Gpr88",207.531501669395,170.651506111268,552.173221756016,158.837134521702,249.143365099622,46.3285081764367,66.6180905589515,111.087749713792,54.0778550798735,146.418283305833,176.286721599289,1.6627436126617,0.434724372506322,3.82482261823845,0.00013086627468818,0.049937947248273
"7606","Kif4",74.9903745528065,56.2374281503043,80.8058373301488,63.7849910284001,65.3184852321106,40.285659283858,32.2996802710068,49.6120047265481,39.4622185717996,27.6260911897797,53.0422770336762,0.842499869857271,0.219831559783501,3.83247915216086,0.00012685835278273,0.049937947248273
"10034","Pcdhb13",163.060465597382,179.378003582867,213.558284372536,182.600170395028,134.369455334627,86.6141674602948,110.020785923117,95.9884439274518,109.617273810554,135.367846829921,141.057489723378,0.703172548157689,0.183210601453099,3.83805599992913,0.000124012204209185,0.049937947248273
"11395","Rarres1",192.707822978724,248.220372525481,723.404638955617,457.751112086166,370.449123387827,154.092646760757,147.367291236469,122.951489974489,152.733401509373,214.102206720793,278.378010613569,1.33349322030024,0.347728529137953,3.83486860743374,0.000125631435318497,0.049937947248273
"12313","Serpina3b",92.4299965418313,21.3314382639085,46.1747641886564,20.0109775775373,66.2516064497121,1200.51264665897,586.441069920467,5.3926092094074,266.735366272349,200.289161125903,250.556963620874,-3.19636550323401,0.844640556120893,-3.78429082059909,0.000154147491962365,0.0574539965972285
"12782","Slc4a11",164.804427796284,123.140575432563,105.817167932338,128.820668155396,111.041424894588,211.499711240255,176.638876482068,175.799060226681,200.234220160613,197.526552006925,159.532268432771,-0.600966663746479,0.159548952694961,-3.76666003502672,0.000165446046331909,0.0602637223763979
"15316","Ybx2",408.959135642631,267.612589129034,218.368155642188,378.957887874612,454.430032971969,595.220615919002,721.695981055308,1168.03915475764,591.20249675159,535.946169081727,534.043221882571,-1.06347203065605,0.283513598168281,-3.75104417398992,0.000176099667804871,0.0627188750201926
"5188","Fbp1",16.5676408895735,4.8480541508883,4.80987126965171,15.008233183153,11.197454611219,42.2999422480509,139.292371168717,10.7852184188148,29.9620548415516,58.0147914985374,33.2785632280157,-2.42082471750499,0.647807611551425,-3.73695009805054,0.000186265872477119,0.0648974595258867
"4972","Fam117a",739.43997233465,486.744636749185,419.420774713629,731.651367678707,939.653066124791,1583.22640985562,1602.87163344871,1663.08068018124,1492.25648747435,711.371848136828,1036.97168766977,-1.0887558293103,0.292413399611283,-3.72334452100222,0.0001966009515006,0.0670409244617045
"12159","Scn4b",353.152345277752,350.029509694135,290.516224686963,272.649569493946,223.949092224379,438.106544711956,517.804249344578,737.708939846933,368.314040003463,564.953564830995,411.71840801151,-0.815895964630703,0.221126505372938,-3.68972486249292,0.000224496719559186,0.0749585192578142
"6789","Hist2h2bb",423.782814333302,677.757970294184,763.807557620692,700.384215213805,675.579761543544,465.29936472856,322.996802710068,313.849855987511,398.276094845015,451.686590952899,519.342102822958,0.731617083545584,0.199021144299163,3.67607716316734,0.000236847910035555,0.0759192290827968
"15146","Wdfy1",3575.99448884953,4456.33137549653,3993.15512806485,4494.96583835431,4165.45311537345,2701.15345498268,2330.62380455483,2584.13833314803,2878.54961026516,3725.3783969418,3490.57435460312,0.541050858555968,0.147077268342909,3.67868444017138,0.000234440120608312,0.0759192290827968
"12319","Serpina3j",26.1594329835372,8.72649747159894,0.961974253930342,2.50137219719216,44.7898184448758,692.913339682358,589.469164945874,6.47113105128888,100.117110080306,156.087415222255,162.819725633322,-4.2123450016584,1.15608848488279,-3.64361816309023,0.00026883214891754,0.0844818206019886
"6082","Gm3435",90.6860343429288,67.8727581124362,68.3001720290543,80.0439103101492,35.45860626886,33.2356689091829,26.243490220193,31.2771334145629,32.8851821431663,42.8204413441586,50.8823397094692,1.0466992296394,0.289224998890383,3.61897911195464,0.000295767507896113,0.0911589586355961
"7366","Itih3",290.369706117262,557.526227352155,1251.52850436338,592.825210734542,681.178488849153,284.013897951199,175.629511473599,183.348713119852,222.157674922724,426.823108882097,466.540104376596,1.38622649488338,0.384710213876488,3.60330047106165,0.000314201959454223,0.0950134868711855
"8564","Mill1",21.799527486281,39.7540440372841,25.0113306021889,22.5123497747295,29.8598789632505,170.2069104743,92.8615807791445,57.1616576197185,34.3467457939737,58.0147914985374,55.1528817029408,-1.56835482697763,0.435979242975543,-3.59731535903788,0.00032151857815627,0.0954255231872322
"3214","Ckm",107.253675232502,48.480541508883,65.4142492672633,6.2534304929804,18.6624243520316,674.784793004622,116.076975973931,1104.40636608664,119.848219366206,31.7700048682467,229.29506801533,-3.05410836747063,0.85495766909379,-3.57223343081748,0.000353949696247343,0.101536566430254
"4921","F630042J09Rik",31.3913195802446,3.87844332071064,52.9085839661688,46.275385648055,4.6656060880079,4.0285659283858,4.03746003387585,4.31408736752592,3.65390912701848,5.52521823795595,16.0678579297949,2.69869476496724,0.756576249984643,3.5669831890996,0.000361114636957914,0.101536566430254
"13176","Spata24",112.48556182921,121.201353772208,135.638369804178,118.815179366628,109.175182459385,91.649874870777,87.8147557367997,56.083135777837,71.6166188895622,81.4969690098502,98.5977001516434,0.621539266512707,0.174030645885507,3.57143572817405,0.000355029677549529,0.101536566430254
"14255","Tnfaip6",218.867255962261,296.700914034364,429.040517252933,162.58919281749,371.382244605429,170.2069104743,151.404751270344,128.344099183896,177.579983573098,124.317410354009,223.043327952812,0.974338647328265,0.275122238573328,3.54147542699852,0.00039789591886027,0.108086065958874
"15508","Zfp185",148.236786906711,228.828155921928,171.231417199601,285.156430479906,261.273940928442,383.720904678748,511.748059293764,654.662758022059,293.043511986882,328.750485158379,326.665245057642,-0.989675419741923,0.279451278117506,-3.54149541347159,0.000397865775636901,0.108086065958874
"10852","Pqlc3",1072.53675232502,1788.93198167778,2121.15322991641,1664.66319723138,1598.43664575151,1059.51283916547,990.187073308052,1156.17541449695,1101.28821088337,1038.74102873572,1359.16263734917,0.624949618760025,0.177088489467079,3.52902450430695,0.000417094507477624,0.111412894522398
"7113","Igj",1905.27870230096,380.087445429643,1209.20163719044,306.41809415604,1422.07673562481,2442.31809408389,3167.3873965756,5791.66229090355,3552.33045328737,2233.56947269369,2241.0330322246,-1.71811669065744,0.48759208763323,-3.52367631516986,0.000425603826964398,0.111822172700957
"226","2210407C18Rik",40.111130574757,185.195668563933,340.538885891341,205.112520169757,310.729365461326,16.1142637135432,44.4120603726343,39.9053081496148,37.2698730955885,124.317410354009,134.37064863465,2.05293319036734,0.585493833780338,3.50632760231177,0.000454335647986927,0.111941745943109
"6600","Haao",47.0869793703669,39.7540440372841,89.4636056155218,47.5260717466511,42.9235760096727,23.1642540882184,24.2247602032551,17.2563494701037,30.6928366669552,27.6260911897797,38.9718568397809,1.11317694746592,0.316819656416698,3.51359811463783,0.000442081114064371,0.111941745943109
"8593","Mir1904",16.5676408895735,14.5441624526649,13.4676395550248,15.008233183153,14.9299394816253,50.3570741048225,31.2903152625378,57.1616576197185,19.7311092858998,26.2447866302907,25.9302558465311,-1.3053646416397,0.372409849721455,-3.50518291236401,0.00045629367706112,0.111941745943109
"12613","Slc22a3",2118.04209056706,4419.48616394977,3441.94388056277,3650.75272180196,1150.53846130275,1283.09824819088,1376.77387155166,1451.69039917247,1088.1341380261,1559.49284766307,2153.99528227885,1.12890730257985,0.322318336023935,3.50246069307089,0.000460981795235866,0.111941745943109
"15648","Zfp574",727.232236942333,740.782674255732,703.20317962308,711.64039010117,654.117973538707,882.255938316491,783.267246571915,1055.87288320197,875.476626833628,1019.40276490287,815.32519142879,-0.38287842216161,0.109222135261197,-3.50550207836517,0.000455746943104156,0.111941745943109
"3434","Col7a1",138.644994812747,146.411235356827,148.144035105273,150.08233183153,119.439515853002,196.392589008808,220.041571846234,327.87063993197,161.502783414217,334.275703396335,194.280540055694,-0.815636284330075,0.233421345944224,-3.49426604936539,0.00047536703935449,0.1120398167608
"12435","Sh3bp5l",1324.53929006643,1148.01922293035,969.670047961785,1039.32014793334,1026.43333936174,1421.07663123809,1413.11101185655,1340.60264945868,1590.91203390385,1468.32674673679,1274.20111214476,-0.393090858656844,0.112484182785937,-3.49463230225813,0.000474715263627082,0.1120398167608
"3784","Cyp21a1",46.2149982709156,109.566023810076,74.0720175526364,46.275385648055,51.3216669680869,59.4213474436906,2064.15144231903,55.0046139359555,415.814858654703,66.3026188554714,298.814497345862,-3.02242764054079,0.869737702144558,-3.47510247410021,0.000510658237161715,0.113671105097095
"10707","Pou2af1",110.741599630307,24.2402707544415,76.9579403144274,15.008233183153,97.0446066305643,233.656823846377,172.601416448193,284.729766256711,203.157347462228,147.799587865322,136.593759239172,-1.68093523676117,0.483659081884482,-3.47545471535806,0.000509988088439926,0.113671105097095
"12815","Slc7a10",1420.45721100607,960.884332706061,768.617428890343,1093.09965017297,1422.07673562481,2781.7247735504,1555.43147805067,1894.96287618576,1719.5296351749,1877.19289634553,1549.39770177075,-0.794708224465044,0.228588243151503,-3.47659273070457,0.000507828581593137,0.113671105097095
"12850","Slfn10-ps",103.765750834697,93.0826396970554,218.368155642188,60.0329327326119,133.436334117026,51.364215586919,56.5244404742619,67.9468760385333,46.7700368258366,48.3456595821145,87.9637041531243,1.17083793531829,0.336279806702946,3.48173726753851,0.000498172219628087,0.113671105097095
"12317","Serpina3h",156.956597901223,18.4226057733755,260.695022815123,15.008233183153,24.2611516576411,20.142829641929,11.1030150931586,15.0993057863407,16.0772001588813,17.9569592733568,55.5722921284182,2.56638752851384,0.746580965284593,3.43752070820014,0.000587065827711888,0.1271473516316
"3223","Clca2",250.258575542505,255.977259166902,459.823693378704,105.057632282071,422.703911573516,91.649874870777,124.151896041682,128.344099183896,143.964019604528,150.5621969843,213.249315862888,1.22746829016562,0.35871125358717,3.42188397461953,0.00062188845413613,0.12995900079362
"12042","S100a9",88.0700910445751,41.6932656976394,44.2508156807957,13.7575470845569,140.901303857839,115.821270441092,412.830288463806,490.727438056074,62.1164551593142,426.823108882097,183.699158436779,-2.19481914083297,0.641000901969269,-3.4240500038145,0.000616952676955442,0.12995900079362
"14476","Trim63",18.311603088476,1.93922166035532,6.7338197775124,1.25068609859608,1.86624243520316,145.028373421889,15.1404751270344,241.588892581452,3.65390912701848,4.14391367846696,43.9657136996003,-3.75372897402478,1.09732513299454,-3.42079923366109,0.00062437406009289,0.12995900079362
"3911","Dalrd3",941.739587407337,923.069510329132,745.530046796015,1019.30917035581,1001.23906648649,1239.79116446073,1081.02992407026,1232.75046527053,1207.98235739231,1418.59978259519,1081.10410751638,-0.415987842433219,0.121935965971555,-3.41152701845375,0.000646000988276136,0.132736638962841
"12778","Slc47a1",55.8067903648793,90.1738072065224,57.7184552358205,71.2891076199766,76.5159398433295,93.6641578349699,96.8990408130204,228.646630478874,120.57900119161,171.281765376634,106.257469596564,-1.01412751961192,0.29820308281441,-3.40079488796928,0.000671902223942493,0.136311100545903
"3267","Clec5a",51.4468848676231,129.927851243806,177.965236977113,43.7740134508628,262.207062146044,41.2928007659545,26.243490220193,55.0046139359555,24.8465820637257,56.6334869390484,86.9342022610327,1.71280521621329,0.504247608356399,3.39675426879306,0.000681901720312265,0.136610485893058
"4198","Dnahc8",878.956948246848,1675.487514547,1863.34412986307,1878.53052009131,404.041487221484,288.042463879585,379.52124318433,482.099263321022,526.893696116065,814.969690098502,919.188695656922,1.42762751746966,0.421552146614889,3.38659766990554,0.000707650822550397,0.14001876213599
"8488","Mettl7b",12.2077353923173,11.6353299621319,13.4676395550248,13.7575470845569,6.53184852321106,31.22138594499,23.2153951947861,28.0415678889185,24.115800238322,17.9569592733568,18.2151209057615,-1.12946812703589,0.334352317676641,-3.37807775607593,0.00072994437541306,0.14266851835055
"3780","Cyp11a1",5.23188659670743,11.6353299621319,0.961974253930342,6.2534304929804,31.7261213984537,15.1071222314468,1125.44198444289,7.54965289317036,296.697421113901,2.76260911897797,150.336753250459,-4.69577285862171,1.40661323964908,-3.33835394567536,0.000842763225943934,0.160797216930993
"14519","Trp53i11",856.285439661116,906.586126216112,979.289790501089,1243.1819820045,821.14667148939,1172.31268516027,1335.38990620444,1663.08068018124,1256.21395786895,1507.00327440248,1174.04905136896,-0.529170242865941,0.158362976094994,-3.34150226217345,0.000833263374931533,0.160797216930993
"13939","Timp1",1411.73740001155,2093.38978235357,3759.39538435978,805.441847495876,3199.67265515582,721.113301181059,657.096620513295,1255.39942395004,475.008186512403,1164.43974364922,1554.26943451826,1.39966110518281,0.420509190223154,3.32849111915971,0.000873177888484289,0.164640259043973
"6658","Hdc",326.992912294214,212.344771808908,274.162662370148,450.246995494589,278.070122845271,406.885158766966,663.152810564108,649.270148812651,409.968604051474,566.334869390484,423.742905639881,-0.806872316127862,0.242754684990556,-3.3238176892827,0.00088794222791147,0.165477326589967
"6026","Gm17746",18.311603088476,85.3257530556341,40.4029186650744,82.5452825073413,25.1942728752426,2.0142829641929,4.03746003387585,5.3926092094074,15.3464183334776,26.2447866302907,30.4815387363013,2.26084854208329,0.681277073939485,3.31854487486264,0.000904877816765636,0.166695135279343
"14262","Tnfrsf11b",896.396570235873,2806.05374253415,7586.12896649468,3240.52768146245,4028.28429638602,625.434860381896,749.958201292439,1766.61877700187,1193.36672088424,1736.29983127766,2462.90696479513,1.61198194805514,0.486582814210909,3.31286247885529,0.000923463748046501,0.168185835112969
"1560","Apoc3",21.799527486281,1.93922166035532,4.80987126965171,2.50137219719216,22.3949092224379,380.699480232458,81.758565685986,38.8267863077333,6.57703642863327,13.8130455948899,57.5119816085619,-3.27964041459952,0.993292391740309,-3.30178751178531,0.000960708190846015,0.171080779718768
"3209","Ckap2l",33.1352817791471,48.480541508883,57.7184552358205,32.5178385634981,91.4458793249548,25.1785370524113,18.1685701524413,26.963046047037,27.0389275399368,19.3382638328458,37.9985341036976,1.17056469295227,0.354361073493308,3.30331060749079,0.000955504882465477,0.171080779718768
"10428","Pipox",132.541127116588,163.864230300025,261.656997069053,171.343995507663,157.697485774667,94.6712993170664,86.8053907283308,102.459574978741,121.309783017014,128.461324032476,142.081120784162,0.733894928314766,0.223890428240214,3.2779200704702,0.00104575002698855,0.182216383039725
"13550","Sympk",3199.29865388659,2962.16108619275,2880.15091626745,3156.73171285651,3161.41468523415,3354.78827686328,3432.85039380294,3609.81260477732,3661.21694527252,3755.76709725055,3317.41923724041,-0.213738969021792,0.0652068983560879,-3.2778582390867,0.00104597911272569,0.182216383039725
"5763","Gjb4",10.4637731934149,15.5137732828426,75.995966060497,11.2561748873647,33.5923638336569,1.00714148209645,5.04682504234481,12.9422621025778,2.92312730161479,5.52521823795595,17.4266625424366,2.4385222502752,0.748991773084711,3.2557396995593,0.0011309738609603,0.194904495372158
"1787","Aspm",86.3261288456726,93.0826396970554,126.018627264875,88.7987130003217,169.828061603487,64.4570548541728,72.6742806097653,71.1824415641777,46.7700368258366,64.9213142959824,88.4059298561347,0.824757223863227,0.254777233488924,3.23717002719979,0.00120721461313431,0.195141353136339
"2133","BC049635",216.251312663907,225.919323431395,275.124636624078,180.098798197836,148.366273598651,161.142637135432,134.245546126372,141.286361286474,111.078837461362,110.504364759119,170.401809128463,0.668463206122428,0.206833686105005,3.23188750686899,0.00122975458081801,0.195141353136339
"2983","Cdrt4",9.59179209396362,7.75688664142128,12.5056653010945,11.2561748873647,6.53184852321106,19.1356881598326,19.1779351609103,23.7274805213926,31.4236184923589,15.1943501543789,15.6301439935928,-1.21927081925161,0.375799513021487,-3.24447152538459,0.00117668781451282,0.195141353136339
"5587","Galnt10",922.55600321941,977.367716819081,1044.70403976835,1038.06946183475,1241.0512194101,778.520365660556,734.817726165405,867.13156087271,824.321899055369,868.840567918572,929.73805607243,0.359318507318574,0.110500799882424,3.2517276589934,0.00114705872823895,0.195141353136339
"7995","Lrp3",1991.60483114663,1424.35830953098,1320.79065064636,1574.61379813247,1412.74552344879,1915.58309894745,1904.67177098093,2185.08525165188,2258.84662232283,2443.52776573602,1843.18276225443,-0.47086658566132,0.145177636334398,-3.24338236625329,0.00118119575025315,0.195141353136339
"8036","Lrrc52",20.9275463868297,1.93922166035532,3.84789701572137,10.0054887887686,3.73248487040632,37.2642348375687,105.983325889241,32.3556552564444,54.0778550798735,4.14391367846696,27.4277623463676,-2.53153122215466,0.782943170026578,-3.23335245656301,0.00122346515550367,0.195141353136339
"10647","Pole2",92.4299965418313,113.444467130786,102.931245170547,101.305573986283,135.302576552229,76.5427526393302,70.6555505928274,74.4180070898222,63.5780188101216,87.0221872478061,91.7630375761583,0.562441973018413,0.173831792194995,3.23555297863752,0.00121407353098951,0.195141353136339
"13595","Syvn1",1575.66984670839,1403.02687126707,1529.53906374924,1605.88095059737,1268.11173472055,1686.96198251155,1782.53860495619,2129.00211587404,1834.99316358868,1961.45247447436,1677.71768084474,-0.347788928814658,0.10732573010217,-3.24049907215704,0.00119320660533565,0.195141353136339
"7729","Kti12",361.000175172813,303.488189845608,334.767040367759,332.682502226557,421.770790355914,436.092261747763,452.195523794095,523.083093312518,461.854113655136,432.348327120053,405.928201759822,-0.394108174185495,0.122193890606565,-3.22526905583545,0.0012585433003174,0.196078014909044
"8106","Lum",7892.30093113316,12776.561909251,23476.0196929161,7171.43408934993,23431.6068951933,4722.48640955026,4653.17268904192,10896.3061685286,4493.57744440733,5544.55650178879,10505.802273116,1.30226924914726,0.403815772811833,3.22490931961215,0.00126012575875906,0.196078014909044
"687","9030025P20Rik",589.459223229037,424.689543617815,412.686954936117,455.249739888973,149.299394816253,171.214051956397,181.685701524413,236.196283372044,195.118747382787,225.152643196705,304.075228392054,1.00969667913349,0.314413427313193,3.21136628216489,0.00132105435039794,0.203582096863729
"1823","Atg2a",2713.60518149225,2283.43350506839,2446.30052774486,2462.60092813568,2272.15016485985,3112.06717967803,2993.77661511894,3354.2029282514,2594.27548018312,3107.93525885022,2734.03477693828,-0.315671518569175,0.0985249578257053,-3.20397517071371,0.00135544165515209,0.206892032448787
"991","Acot5",16.5676408895735,2.90883249053298,0.961974253930342,1.25068609859608,3.73248487040632,71.507045228848,31.2903152625378,22.6489586795111,34.3467457939737,4.14391367846696,18.9358597246377,-2.66827669783831,0.835743335059461,-3.19269874601927,0.00140949910739294,0.213113605605535
"1581","Aqp5",20.9275463868297,16.4833841130202,56.7564809818902,27.5150941691138,32.6592426160553,8.0571318567716,9.08428507622066,16.1778276282222,2.19234547621109,13.8130455948899,20.3666383899225,1.6794036126872,0.532956944340858,3.15110560153076,0.00162653670073315,0.242558995450864
"12627","Slc25a10",1319.30740346972,707.815906029692,805.172450539697,655.359515664346,1107.61488529307,1481.50512016388,2557.73093146035,2523.74111000266,1175.82795707455,1218.31062146929,1355.23859011673,-0.962514890346727,0.305591693189816,-3.14967622417953,0.00163451497527256,0.242558995450864
"15020","Vcan",3569.89062115337,10616.2689796152,18649.7948609475,8863.61238075042,8387.8266250206,3890.58754533859,4320.08223624716,3648.63939108505,4127.45574988008,6443.78577001612,7251.79441600541,1.15904392544661,0.36852825204584,3.14506125110442,0.00166052060071946,0.244157464841566
"13246","Spsb3",1228.62136912679,1083.05529730845,1086.06893268736,1168.14081608874,1311.96843194782,1594.30496615868,1412.10164684808,1439.82665891178,1348.29246786982,1386.82977772694,1305.92103646745,-0.288632405872723,0.0919671360469341,-3.13842985961228,0.00169855580931961,0.247479581417867
